{"val_loss": [3.5338152249654136, 3.538254419962565, 3.5466439723968506, 3.536555051803589, 3.5181761582692466, 3.5351025263468423, 3.479165236155192, 3.4958569208780923, 3.481863816579183, 3.50095796585083, 3.486884117126465, 3.47282083829244, 3.4850896199544272, 3.4755149682362876, 3.4810774326324463, 3.438446283340454, 3.4571293195088706, 3.4284419218699136, 3.439639409383138, 3.4374420642852783, 3.5088260173797607, 3.444486697514852, 3.5151748657226562, 3.3892641067504883, 3.4458009401957193, 3.4156792958577475, 3.4660748640696206, 3.4682552814483643, 3.346700112024943, 3.5070889790852866, 3.402244806289673, 3.394981781641642, 3.4734671115875244, 3.410071770350138, 3.4236578146616616, 3.5015339851379395, 3.3739778200785318, 3.7031927903493247, 3.6948519547780356, 3.6160555680592856, 3.3992499510447183, 3.5738883018493652, 3.8063759803771973, 3.809272130330404, 3.596583127975464, 3.764655907948812, 3.776076634724935, 3.7452875773111978, 3.8186071713765464, 3.7518227895100913], "val_acc": [0.033333332588275276, 0.05333333214124044, 0.04666666562358538, 0.046666666865348816, 0.05333333338300387, 0.046666666865348816, 0.02666666607062022, 0.02666666607062022, 0.05333333338300387, 0.06666666890184085, 0.05999999865889549, 0.04666666562358538, 0.06666666517655055, 0.05333333214124044, 0.05333333214124044, 0.06666666517655055, 0.06666666890184085, 0.07333333293596904, 0.08666666721304257, 0.07999999821186066, 0.07999999945362408, 0.10000000149011612, 0.08000000193715096, 0.08666666348775227, 0.10666666676600774, 0.10666666304071744, 0.0933333362142245, 0.08666666845480601, 0.09999999776482582, 0.12000000352660815, 0.12666666507720947, 0.09999999776482582, 0.14000000059604645, 0.1333333303531011, 0.15333333611488342, 0.11999999731779099, 0.16666666666666666, 0.1133333332836628, 0.12666666259368262, 0.1333333303531011, 0.15333333363135657, 0.15333333611488342, 0.1400000030795733, 0.12000000352660815, 0.18000000715255737, 0.1466666633884112, 0.1666666641831398, 0.18666666746139526, 0.1933333327372869, 0.15333333859841028], "loss": [4.486789623896281, 3.661217133204142, 3.57474946975708, 3.5231755574544272, 3.5230071544647217, 3.492585817972819, 3.4923346042633057, 3.430169105529785, 3.4131622314453125, 3.4053637981414795, 3.337738275527954, 3.3392983277638755, 3.247478723526001, 3.250821113586426, 3.103158871332804, 3.1189765135447183, 3.197275956471761, 3.0601754188537598, 2.9369966189066568, 2.9588049252827964, 2.9276289145151773, 2.8885276317596436, 2.804163694381714, 2.8212227821350098, 2.7429913679758706, 2.727806250254313, 2.6100050608317056, 2.4309863249460855, 2.6770596504211426, 2.433088223139445, 2.4891430536905923, 2.2800943851470947, 2.262011448542277, 2.1706772645314536, 2.1784756580988565, 1.9668220281600952, 2.0228618383407593, 1.90632168451945, 2.0460789601008096, 1.8983198404312134, 1.6480250358581543, 1.619251807530721, 1.5741368532180786, 1.6178367932637532, 1.4767587979634602, 1.4294100999832153, 1.509830633799235, 1.2648351987202961, 1.191993236541748, 1.2090778748194377], "acc": [0.02666666607062022, 0.03999999972681204, 0.0366666658471028, 0.08000000069538753, 0.056666666020949684, 0.0699999990562598, 0.05333333338300387, 0.0966666688521703, 0.06333333440124989, 0.08333333333333333, 0.09000000047187011, 0.10666666676600774, 0.15333333363135657, 0.11000000188748042, 0.14333333323399225, 0.15333333114782968, 0.1400000030795733, 0.20333333313465118, 0.17000000178813934, 0.1733333319425583, 0.17666666706403097, 0.20666666825612387, 0.24333332975705466, 0.1999999980131785, 0.263333335518837, 0.2800000061591466, 0.25666667024294537, 0.31333333253860474, 0.2566666652758916, 0.326666663090388, 0.26666667064030963, 0.3433333436648051, 0.3233333428700765, 0.40333332618077594, 0.4033333361148834, 0.4299999972184499, 0.40666666626930237, 0.44333332777023315, 0.4166666567325592, 0.4766666690508525, 0.5433333317438761, 0.5233333309491476, 0.5266666611035665, 0.5433333317438761, 0.5599999924500784, 0.5666666626930237, 0.5166666607062022, 0.6299999952316284, 0.6333333253860474, 0.6200000047683716]}