{"val_loss": [1.39365034811688, 0.9370239854174346, 0.723371548972215, 0.6154032402669145, 0.5340940698687007, 0.523732644713219, 0.4859213919379609, 0.494569538432732, 0.44469133361879754, 0.4490770654226424], "val_acc": [0.6327600880526623, 0.7578663890814382, 0.8095294319534644, 0.8402154387975364, 0.8533497105121928, 0.8574836989842707, 0.8634366425023371, 0.8658225473548383, 0.8775394499431449, 0.8785788534573635], "loss": [2.8552749014400898, 1.4660461133680285, 1.0845170590125335, 0.9270687236754649, 0.8345911745820674, 0.7803365950610921, 0.7380324770276437, 0.704461413989779, 0.678111495540929, 0.6626307749850736], "acc": [0.21421484469455485, 0.5705781355869834, 0.678205270371043, 0.7261130467271018, 0.7528859629417695, 0.7721939608690552, 0.7850764587206854, 0.7941477540536349, 0.8004945094236936, 0.8051718962215627]}