{"val_loss": [0.6901641805754553, 0.46958652070561463, 0.412850187273509, 0.3933840771589851, 0.3979956462133092, 0.401751442553218, 0.40259787935644265, 0.4401333047766818, 0.45982359948773177, 0.48456029841405485, 0.46357103297614505, 0.4796897353862985, 0.5290984590777651, 0.541487609651311, 0.5799439484367048, 0.5642077573806084, 0.5500374542008746, 0.5742740583906414, 0.5640834034658595, 0.5815417755454663], "val_acc": [0.7987101933832915, 0.8643579317504445, 0.878059151137043, 0.8874846445210859, 0.8900359067610033, 0.8958234904980058, 0.8995795158924029, 0.8950675615941736, 0.8949966925839379, 0.8917839938781217, 0.8993905336016756, 0.9003354435740668, 0.8981149021184457, 0.8960124743600925, 0.891193424282256, 0.8973117289894145, 0.899177927905779, 0.8981385252870662, 0.9004299361528031, 0.8986109827232307], "loss": [1.4988999545995665, 0.6134174324295522, 0.4373735772459849, 0.3468487195261449, 0.28681121571153323, 0.24277865651755048, 0.2059815984455689, 0.1764794861872628, 0.1631279437315444, 0.14049129746587363, 0.13190354714780106, 0.1166773678477548, 0.11110760441641696, 0.10468595376870118, 0.10316930449457101, 0.09385863338922922, 0.08992643699356406, 0.08763465404371658, 0.08159464416104245, 0.08604808097844231], "acc": [0.5761847009947952, 0.8206371935355952, 0.8700568519804551, 0.8951761498590837, 0.9129880170855036, 0.926075249231205, 0.9361072206770542, 0.9453202536962693, 0.9504228568440176, 0.9575885497301713, 0.9604390802324397, 0.9643132788717408, 0.9674945330950986, 0.969100908716658, 0.9701875752093562, 0.9734318251337354, 0.9743452527422525, 0.9752586838718339, 0.9773532701306117, 0.9765028364996625]}