{"val_loss": [1.8236391310947306, 0.8954540973212941, 0.6469145202545479, 0.6130087220419853, 0.5217361593391768, 0.5422300983948641, 0.4882275897245331, 0.4695612297347709, 0.44048667638342176, 0.4204447230071232, 0.4151726269709594, 0.4203270935138164, 0.42565827638116416, 0.41905816352053127, 0.43813547610020037, 0.3967197098905914, 0.39576241697721465, 0.3850990812041004, 0.3954536820191872, 0.41555598067288857, 0.4039709547579114, 0.3826803720696914, 0.38217941883518103, 0.39354907913969694, 0.3829661637001133, 0.3894708840507174, 0.40964337032199255, 0.4112172501573015, 0.381759929675146, 0.37216559280849504, 0.37612916766642557, 0.3892538313036953, 0.3809432707129248, 0.3760380900669028, 0.37841408720448916, 0.3988045492316592, 0.38791401907175055, 0.379527024768464, 0.3824469675975689, 0.39580114146103695, 0.3837389114796749, 0.3845391849086335, 0.38670137728135257, 0.3868453292915166, 0.3869419126638244, 0.3840008839151026, 0.41001258646310934, 0.39068055601209206, 0.3889064134085301, 0.38344042180355087], "val_acc": [0.4904327660610351, 0.7463148450970841, 0.8134508166558281, 0.8256637976467638, 0.8500188977486536, 0.8430974194449985, 0.8605546622998118, 0.86518472853809, 0.8745393538299314, 0.8803741851939288, 0.8824766148503038, 0.8806812801343512, 0.8792875344300669, 0.8822640077520113, 0.8790749313193098, 0.8882878216151241, 0.889728810367496, 0.8926580389010301, 0.8904374936662617, 0.8853585943037583, 0.8887130304217777, 0.8941698957962924, 0.895492772394595, 0.8928706429298214, 0.8954927731211375, 0.8934612119850044, 0.887555513649596, 0.8908627040442746, 0.8957762459968334, 0.8999811036650066, 0.9001228399958444, 0.8939100455034774, 0.8978078052800015, 0.898563735850939, 0.9000755937318208, 0.8960833406725465, 0.8976424478700568, 0.8982566384943403, 0.8989180771004418, 0.8967684028696769, 0.8976424456397403, 0.9022488913395945, 0.9012094881069814, 0.896957384501447, 0.8964140604205341, 0.8997684979015247, 0.8945478611042895, 0.8989889459924032, 0.9013039805674433, 0.901114996423751], "loss": [3.1161054168545093, 1.624290311402414, 1.1222849002199413, 0.923570952933704, 0.8242476162289868, 0.7555323766438359, 0.7061278627322697, 0.6610058135460055, 0.6281509175163285, 0.6088853288114936, 0.5868204898105196, 0.5637547158133465, 0.5601589063498903, 0.5419676715568034, 0.5339363350888614, 0.517041953585851, 0.5081545709836167, 0.497842171442727, 0.49050451248505433, 0.48607562856030095, 0.4789097546763271, 0.4751914149936091, 0.46500898994826795, 0.4597526857630914, 0.4572080825288207, 0.45078136351954623, 0.44814054563120337, 0.44042248737634254, 0.4377763794276959, 0.43271296429174505, 0.4312532250970597, 0.42447735649290136, 0.42790852810962277, 0.41848808283118494, 0.42273978408843355, 0.41158133504182215, 0.40939179375195806, 0.41000396067563694, 0.4122177915247241, 0.40848780218942154, 0.40680740062260434, 0.40151868227052073, 0.4021248578075304, 0.39947043720608794, 0.4061695810761818, 0.39865336529228246, 0.39346210782998436, 0.39002042787036406, 0.39647748779908487, 0.40209138318024473], "acc": [0.14589665637654875, 0.5199458222080426, 0.6711498198739085, 0.7311369045065308, 0.7652015044762134, 0.787218292383689, 0.7997070696886456, 0.8139282138435451, 0.822558544071734, 0.8295352516899819, 0.8356300280961768, 0.8416618095185172, 0.8447485690197836, 0.8487960044462095, 0.8520402518680141, 0.855898702587877, 0.8601036261047459, 0.8613635280863466, 0.8662771459680667, 0.8655999482493739, 0.8665448760551522, 0.868355985783043, 0.8710490253168138, 0.87396254782538, 0.8737735637618266, 0.8763721126897062, 0.8762933674011764, 0.878230468387489, 0.8789549122459785, 0.8806872772804754, 0.8821519140714938, 0.8826558734373098, 0.8835220568331815, 0.886341087325929, 0.8831283366000339, 0.8866403141812039, 0.8871757721184524, 0.8870182845593138, 0.8877427273889879, 0.8885301672901857, 0.8883411823376833, 0.8907822419050586, 0.8907192474740985, 0.8918374107847372, 0.8908452370888564, 0.8919634010246694, 0.892672095044079, 0.8920106476178584, 0.8939792437944055, 0.8929398262735626]}