{"val_loss": [3.64760422706604, 3.556210994720459, 3.490251620610555, 3.4663225015004477, 3.4743513266245523, 3.562164306640625, 3.466949462890625, 4.042773723602295, 3.792496999104818, 3.7882227897644043, 3.888429800669352, 3.913017829259237, 4.132396539052327, 4.1299482981363935, 3.8452808062235513, 3.9528002738952637, 4.478315035502116, 4.383360703786214, 4.595090866088867, 4.737793604532878, 4.535601456960042, 4.702962239583333, 4.851608912150065, 5.123867829640706, 4.748736222585042, 4.767317771911621, 4.8190412521362305, 5.201423327128093, 5.203968207041423, 5.05701478322347, 5.2724982897440595, 5.163082758585612, 5.149064858754476, 5.164987405141194, 5.419962565104167, 5.409073034922282, 5.629386107126872, 5.726338068644206, 5.753361225128174, 5.620145956675212, 5.450045903523763, 5.73970905939738, 5.754319826761882, 5.594374815622966, 5.603716850280762, 5.705148061116536, 5.589170614878337, 5.654557228088379, 5.670713583628337, 5.867753505706787], "val_acc": [0.02666666607062022, 0.08000000069538753, 0.06666666890184085, 0.09333333124717076, 0.06666666766007741, 0.08000000069538753, 0.10666666676600774, 0.08666666472951572, 0.11333333204189937, 0.06666666641831398, 0.12666666756073633, 0.1466666633884112, 0.14666666835546494, 0.1333333303531011, 0.1333333378036817, 0.16000000635782877, 0.15333333363135657, 0.17333333690961203, 0.1600000038743019, 0.1466666708389918, 0.15333333114782968, 0.1666666716337204, 0.1466666633884112, 0.17333333442608514, 0.16666666666666666, 0.15333333363135657, 0.19333332777023315, 0.18000000218550363, 0.17333333690961203, 0.17333333690961203, 0.1733333319425583, 0.1466666633884112, 0.16000000139077505, 0.18000000715255737, 0.17999999721844992, 0.18666666746139526, 0.18000000715255737, 0.15333333114782968, 0.1666666716337204, 0.17333333690961203, 0.18000000715255737, 0.1666666716337204, 0.18000000715255737, 0.1599999964237213, 0.18000000218550363, 0.1600000038743019, 0.1666666716337204, 0.1733333319425583, 0.16666666915019354, 0.1666666716337204], "loss": [5.571277300516765, 3.581254323323568, 3.272592226664225, 3.069938818613688, 2.829503615697225, 2.720137437184652, 2.31792950630188, 2.0032502015431723, 2.060950597127279, 1.5681032339731853, 1.3446508646011353, 1.0968812704086304, 1.0561836957931519, 0.878258486588796, 0.8792805075645447, 0.6403825481732687, 0.41600731015205383, 0.3263278504212697, 0.278958926598231, 0.1732021321853002, 0.224987064798673, 0.14160756766796112, 0.10224023709694545, 0.1294333040714264, 0.20469556003808975, 0.11702826867500941, 0.07814628879229228, 0.04624442383646965, 0.06823666890462239, 0.057711388915777206, 0.05790713553627332, 0.07159589479366939, 0.07032376527786255, 0.03939050684372584, 0.031144694114724796, 0.02965973938504855, 0.033383702859282494, 0.06101242701212565, 0.07504354541500409, 0.047194418807824455, 0.03817002226909002, 0.025322554012139637, 0.0245187534019351, 0.023910682027538616, 0.047441607962052025, 0.037397476534048714, 0.036944073935349785, 0.01666352494309346, 0.02346502368648847, 0.026377620175480843], "acc": [0.016666666294137638, 0.0566666666418314, 0.09666666636864345, 0.19000000258286795, 0.19666666289170584, 0.20666666825612387, 0.3866666654745738, 0.4333333373069763, 0.40333332618077594, 0.5500000019868215, 0.6433333357175192, 0.6933333277702332, 0.6933333277702332, 0.7933333516120911, 0.7366666595141093, 0.8433333436648051, 0.9200000166893005, 0.9166666666666666, 0.9466666777928671, 0.9700000087420145, 0.95333331823349, 0.9733333388964335, 0.9833333492279053, 0.9666666785875956, 0.9433333277702332, 0.9833333492279053, 0.9800000190734863, 0.9933333396911621, 0.9833333492279053, 0.9900000095367432, 0.9866666793823242, 0.9833333492279053, 0.9833333492279053, 1.0, 1.0, 0.996666669845581, 1.0, 0.9866666793823242, 0.9800000190734863, 0.9866666793823242, 0.9933333396911621, 1.0, 0.996666669845581, 0.996666669845581, 0.9833333492279053, 0.9933333396911621, 0.9933333396911621, 1.0, 0.9933333396911621, 0.9933333396911621]}