{"val_loss": [3.5607717037200928, 3.525115648905436, 3.515932559967041, 3.5228310426076255, 3.5084880193074546, 3.5288525422414145, 3.5046427249908447, 3.521609624226888, 3.618868430455526, 3.451872189839681, 3.4966467221577964, 3.4410129388173423, 3.5783803462982178, 3.4379540284474692, 3.4486166636149087, 3.4617315928141275, 3.4993523756663003, 3.3339146773020425, 3.563859780629476, 3.448745091756185, 3.600989500681559, 3.3637128671010337, 3.378406604131063, 3.569226026535034, 3.595233122507731, 3.4704482555389404, 3.617054303487142, 3.56417187054952, 3.4674481550852456, 3.523785432179769, 3.647944688796997, 3.937608242034912, 3.6933975219726562, 3.6292449633280435, 3.5110340118408203, 4.059674263000488, 3.4727694193522134, 3.5007001558939614, 3.5685585339864097, 3.869058052698771, 3.938925822575887, 4.009722391764323, 3.946256399154663, 3.7696561018625894, 4.09442663192749, 4.102586189905803, 3.847350517908732, 4.267245054244995, 3.937621831893921, 4.377256552378337], "val_acc": [0.040000000347693764, 0.05999999865889549, 0.03999999910593033, 0.033333333830038704, 0.040000000347693764, 0.046666666865348816, 0.03999999910593033, 0.05333333214124044, 0.04666666562358538, 0.06666666517655055, 0.05333333338300387, 0.07333333293596904, 0.0733333316942056, 0.0933333324889342, 0.08666666721304257, 0.06666666766007741, 0.05999999865889549, 0.12666666259368262, 0.1266666700442632, 0.13333333283662796, 0.07333333293596904, 0.10000000149011612, 0.11999999731779099, 0.12666666259368262, 0.11333333204189937, 0.15333333363135657, 0.12666666507720947, 0.08666666721304257, 0.14666666587193808, 0.21333333353201547, 0.16666666666666666, 0.11999999980131786, 0.14666666587193808, 0.1666666716337204, 0.16666666169961294, 0.13333333283662796, 0.14000000059604645, 0.14000000059604645, 0.1666666716337204, 0.11999999980131786, 0.11999999731779099, 0.14000000059604645, 0.17333332945903143, 0.16000000139077505, 0.1466666633884112, 0.1466666708389918, 0.15333333611488342, 0.18000000715255737, 0.1733333319425583, 0.1333333303531011], "loss": [6.903889338175456, 3.6001205444335938, 3.5166052977244058, 3.5006553332010903, 3.4523343245188394, 3.414576689402262, 3.3345398902893066, 3.285345713297526, 3.1647729873657227, 3.245110114415487, 3.047877868016561, 2.976660966873169, 2.840165615081787, 2.830078601837158, 2.5837413469950357, 2.597439924875895, 2.39978822072347, 2.3900441328684487, 2.322103977203369, 2.1578206221262612, 1.8334073623021443, 2.0199214220046997, 1.8513208230336506, 1.485121448834737, 1.3939358393351238, 1.482200026512146, 1.3277456363042195, 1.1289690136909485, 1.1323846975962322, 1.0374754269917805, 0.8490230441093445, 0.9365740815798441, 0.710191547870636, 0.6824681162834167, 0.7080108126004537, 0.678520143032074, 0.692209780216217, 0.698439379533132, 0.5371880729993185, 0.5270364383856455, 0.4775999387105306, 0.5294995307922363, 0.49718814094861347, 0.5551956295967102, 0.45314888159434, 0.4646252890427907, 0.5052757263183594, 0.43097324172655743, 0.37910589575767517, 0.4571710129578908], "acc": [0.02666666607062022, 0.0366666658471028, 0.04333333236475786, 0.043333333606521286, 0.0699999990562598, 0.07666666681567828, 0.12666666507720947, 0.09000000109275182, 0.11999999731779099, 0.10666666428248088, 0.18000000218550363, 0.19666666289170584, 0.1999999980131785, 0.2399999996026357, 0.28333333631356555, 0.27666667600472766, 0.32333333293596905, 0.33000000317891437, 0.3466666638851166, 0.3733333349227905, 0.48000000913937885, 0.4333333373069763, 0.4466666579246521, 0.5633333325386047, 0.6066666642824808, 0.5800000031789144, 0.6299999952316284, 0.6366666555404663, 0.70333331823349, 0.6900000174840292, 0.746666669845581, 0.7266666690508524, 0.7700000007947286, 0.796666661898295, 0.7766666809717814, 0.7866666515668234, 0.8033333222071329, 0.8100000023841858, 0.8233333428700765, 0.8433333237965902, 0.8533333341280619, 0.8433333237965902, 0.8533333539962769, 0.846666673819224, 0.8733333150545756, 0.850000003973643, 0.8566666642824808, 0.8933333357175192, 0.8900000055631002, 0.8400000135103861]}