{"val_loss": [1.1417857902741417, 0.6034344990965573, 0.4872691214019856, 0.46811698024702986, 0.450769483674218, 0.3941109642642698, 0.3751573289457582, 0.37357859164025825, 0.35060371166012594, 0.3580487823172056], "val_acc": [0.680926960024662, 0.8284512883006293, 0.8577435512708534, 0.8625625992141193, 0.8698384202935796, 0.8855948229767836, 0.8956817549894565, 0.8942880091950584, 0.8989417018178932, 0.9011386173620551], "loss": [2.5124196378009884, 1.166101040300509, 0.8406595389289192, 0.6960074827404723, 0.6240604969528373, 0.5767433287676956, 0.5476631467152046, 0.5218908578828126, 0.502515742787677, 0.4849869414511832], "acc": [0.29984093648920035, 0.6565664519921535, 0.7554845105873847, 0.799077120428339, 0.8210151638339155, 0.8349370821463975, 0.844858811126254, 0.8545443088401518, 0.8583082652950703, 0.8634108693796415]}