{"val_loss": [5.663943926493327, 3.5758050282796225, 3.5755510330200195, 3.5761160055796304, 3.5727272033691406, 3.5373474756876626, 3.565656582514445, 3.536530097325643, 3.5469783941904702, 3.537144502003988, 3.5204259554545083, 3.5103469689687095, 3.477297306060791, 3.4969953695933023, 3.464109420776367, 3.456921100616455, 3.468426545461019, 3.448893149693807, 3.416280428568522, 3.4515226682027182, 3.41770871480306, 3.4903313318888345, 3.3925418059031167, 3.3834427992502847, 3.504581610361735, 3.374755541483561, 3.403800090154012, 3.4445830980936685, 3.31408953666687, 3.3977625370025635, 3.5403169790903726, 3.5712583859761557, 3.377565860748291, 3.4293699264526367, 3.352686643600464, 3.529486576716105, 3.331564426422119, 3.54628856976827, 3.5175347328186035, 3.366721789042155, 3.5463645458221436, 3.438004732131958, 3.464740037918091, 3.617927392323812, 3.5994881788889566, 3.6406754652659097, 3.7080961068471274, 3.4747698307037354, 3.7924623489379883, 3.666711171468099], "val_acc": [0.05999999865889549, 0.05333333214124044, 0.033333332588275276, 0.02666666607062022, 0.040000000347693764, 0.06666666890184085, 0.046666666865348816, 0.019999999552965164, 0.03999999910593033, 0.05999999990065893, 0.02666666607062022, 0.05999999990065893, 0.08666666597127914, 0.040000000347693764, 0.06666666641831398, 0.09333333124717076, 0.07333333417773247, 0.07333333417773247, 0.06666666517655055, 0.07333333293596904, 0.11333333204189937, 0.08666666721304257, 0.11999999731779099, 0.10666666428248088, 0.08666666721304257, 0.0733333354194959, 0.07999999821186066, 0.08666666597127914, 0.10666666676600774, 0.10000000149011612, 0.09333333373069763, 0.08000000069538753, 0.1133333295583725, 0.09999999776482582, 0.1333333303531011, 0.10666666428248088, 0.1466666708389918, 0.12666666756073633, 0.12666666507720947, 0.1066666692495346, 0.11999999731779099, 0.12666666259368262, 0.13333333283662796, 0.10666666428248088, 0.14000000059604645, 0.11999999731779099, 0.14000000059604645, 0.1466666708389918, 0.0933333324889342, 0.1466666633884112], "loss": [9.766581376393637, 5.852018356323242, 3.792123715082804, 3.7223161856333413, 3.643853187561035, 3.5346498489379883, 3.565755049387614, 3.452810366948446, 3.4233479499816895, 3.425708214441935, 3.4243300755818686, 3.3312520186106362, 3.2891703446706138, 3.2568956216176352, 3.274862845738729, 3.1572186946868896, 3.0970813433329263, 3.0881378650665283, 3.1541224320729575, 2.9904897212982178, 2.9651655356089273, 2.9839975833892822, 2.847231388092041, 2.8277814388275146, 2.684539477030436, 2.7052597999572754, 2.5680885314941406, 2.4396468003590903, 2.4433956940968833, 2.3694475491841636, 2.3036293188730874, 2.340388536453247, 2.115594983100891, 2.0420469443003335, 1.9169297218322754, 1.9210906823476155, 2.030431350072225, 1.7623558044433594, 1.7127313216527302, 1.5809472799301147, 1.6186549266179402, 1.673903266588847, 1.451902945836385, 1.4239670038223267, 1.283732016881307, 1.3545866012573242, 1.0953211983044941, 1.315746545791626, 1.1631731589635212, 1.0998942454655964], "acc": [0.03333333320915699, 0.02666666607062022, 0.029999999329447746, 0.019999999552965164, 0.04666666562358538, 0.05666666726271311, 0.08666666472951572, 0.10333333412806193, 0.07999999945362408, 0.09000000109275182, 0.10333333412806193, 0.10999999940395355, 0.10999999940395355, 0.11666666716337204, 0.11333333452542622, 0.1433333307504654, 0.16000000139077505, 0.17000000178813934, 0.14333333323399225, 0.19000000258286795, 0.2133333384990692, 0.23000000913937887, 0.23333333432674408, 0.2600000003973643, 0.24999999503294626, 0.2799999962250392, 0.2900000015894572, 0.33666666348775226, 0.30666667222976685, 0.3133333424727122, 0.3266666730244954, 0.35999999443689984, 0.3933333257834117, 0.4233333269755046, 0.43333332737286884, 0.45000000794728595, 0.4033333361148834, 0.4699999888737996, 0.48666664958000183, 0.549999992052714, 0.5299999912579855, 0.5400000015894572, 0.5833333333333334, 0.5799999833106995, 0.6466666658719381, 0.5666666428248087, 0.6866666674613953, 0.5733333428700765, 0.6566666563351949, 0.6666666865348816]}